# Energy , Elastic   ,Attachment, ElectronicExc,VibrationalExc, Ionisation 
0.01,32.08,0,0,0,0
0.99,32.08,0,0,0,0
1,32.08,6.62,0,0,0
1.5,33.283526712325,6.816473287675,0,0,0
2,34.5135580288,10.2764419712,0,0,0
3,36.8203785703,2.4796214297,0,0,0
4,40.6,0,0.060582893347413,7.43941710665259,0
5,39.92,0,0.118948257655755,14.0610517423442,0
7,45.02487,0,0.760346356916579,6.61478364308342,0
10,48.35732,0,4.6,5.3,0.042
15,48.887283,0,5,3.3,7.91
